epoch,train_loss,train_acc,val_acc
1,0.2887494627930471,0.9073482428115016,0.9896907216494846
2,0.0008634315716846959,1.0,0.9725085910652921
3,3.143849577803087e-05,1.0,0.9759450171821306
4,2.1095840494786207e-05,1.0,0.9862542955326461
5,7.779428099961144e-06,1.0,0.993127147766323
6,0.00013839332739491175,1.0,0.993127147766323
7,0.00011808550132296462,1.0,0.993127147766323
8,5.867421156709518e-05,1.0,0.993127147766323
9,2.3247501547639882e-05,1.0,0.993127147766323
10,2.3146875222368292e-05,1.0,0.993127147766323
